iter	Logloss
0	0.6779634123
1	0.6635726912
2	0.6491727608
3	0.6347310949
4	0.6210696507
5	0.6036250128
